category_id,product_name,image_path,status,source_url,note
CAT006,Sữa tươi TH True Milk ít đường 1L,products/sua_tuoi_th_true_milk_it_duong_1l.png,EXISTING,,"Ảnh đã có, bỏ qua, không ghi đè."
CAT006,Sữa tươi Vinamilk không đường 1L,products/sua_tuoi_vinamilk_khong_duong_1l.png,DOWNLOADED,https://hn.sibafood.vn/products/sua-tuoi-tiet-trung-khong-duong-vinamilk-hop-1l,"score=91; query=""Sữa tươi Vinamilk không đường 1L"" ảnh sản phẩm; title=Sữa Tươi Tiệt Trùng Không Đường Vinamilk Hộp 1L – Siba Food Hà Nội; reasons=+token:sua;+token:vinamilk;+brand:sua;+brand:vinamilk;+trusted:product.hstatic.net;+mid_token_ratio"
CAT006,Sữa chua Vinamilk có đường lốc 4 hộp,products/sua_chua_vinamilk_co_duong_loc_4_hop.png,EXISTING,,"Ảnh đã có, bỏ qua, không ghi đè."
CAT006,Phô mai Con Bò Cười hộp 8 miếng,products/pho_mai_con_bo_cuoi_hop_8_mieng.png,EXISTING,,"Ảnh đã có, bỏ qua, không ghi đè."
CAT006,Sữa đặc Ngôi Sao Phương Nam lon 380g,products/sua_dac_ngoi_sao_phuong_nam_lon_380g.png,EXISTING,,"Ảnh đã có, bỏ qua, không ghi đè."
CAT006,Sữa hạt Vinamilk óc chó 180ml lốc 4 hộp,products/sua_hat_vinamilk_oc_cho_180ml_loc_4_hop.png,DOWNLOADED,https://www.bachhoaxanh.com/sua-tu-hat/loc-4-hop-sua-dau-nanh-hat-oc-cho-vinamilk-super-nut-hop-180ml,"score=136; query=""Sữa hạt Vinamilk óc chó 180ml lốc 4 hộp"" ảnh sản phẩm; title=4 hộp sữa óc chó Vinamilk Super Nut 180ml tại Bách hóa XANH; reasons=+token:sua;+token:hat;+token:vinamilk;+token:180ml;+brand:sua;+brand:hat;+brand:vinamilk;+trusted:bachhoaxanh.com;+high_token_ratio"
CAT006,Bơ lạt Anchor hộp 227g,products/bo_lat_anchor_hop_227g.png,DOWNLOADED,https://genshai.com.vn/products/9415007301585,"score=126; query=""Bơ lạt Anchor hộp 227g"" ảnh sản phẩm; title=Bơ Lạt Anchor 227g – Siêu Thị Genshai; reasons=+token:lat;+token:anchor;+token:227g;+brand:lat;+brand:anchor;+brand:227g;+trusted:product.hstatic.net;+high_token_ratio"
CAT006,Sữa chua uống Yakult lốc 5 chai,products/sua_chua_uong_yakult_loc_5_chai.png,EXISTING,,"Ảnh đã có, bỏ qua, không ghi đè."
CAT007,Xúc xích Đức Việt gói 500g,products/xuc_xich_duc_viet_goi_500g.png,DOWNLOADED,https://shopee.vn/Xúc-xích-Cocktail-Xúc-xích-Đức-VIệt-Gói-500g.-Date-mới-nhất-i.292226386.6545115329,"score=146; query=""Xúc xích Đức Việt gói 500g"" ảnh sản phẩm; title=Xúc xích Cocktail - Xúc xích Đức VIệt, Gói 500g. Date mới nhất | Shopee ...; reasons=+token:xuc;+token:xich;+token:duc;+token:viet;+token:500g;+brand:xuc;+brand:xich;+brand:duc;+trusted:shopee.vn;+high_token_ratio"
CAT007,Cá viên CP gói 500g,products/ca_vien_cp_goi_500g.png,DOWNLOADED,https://shopee.vn/Cá-viên-cao-cấp-CP-túi-500g-i.101714573.9883700300,"score=91; query=""Cá viên CP gói 500g"" ảnh sản phẩm; title=Cá viên cao cấp CP túi 500g | Shopee Việt Nam; reasons=+token:vien;+token:500g;+brand:vien;+brand:500g;+trusted:shopee.vn;+mid_token_ratio"
CAT007,Chả giò Cầu Tre hải sản 500g,products/cha_gio_cau_tre_hai_san_500g.png,EXISTING,,"Ảnh đã có, bỏ qua, không ghi đè."
CAT007,Khoai tây chiên đông lạnh 1kg,products/khoai_tay_chien_dong_lanh_1kg.png,EXISTING,,"Ảnh đã có, bỏ qua, không ghi đè."
CAT007,Pizza hải sản đông lạnh 300g,products/pizza_hai_san_dong_lanh_300g.png,DOWNLOADED,https://sugartown.vn/products/seafood-pizza-banh-pizza-hai-san,"score=91; query=""Pizza hải sản đông lạnh 300g"" ảnh sản phẩm; title=Seafood Pizza - Bánh Pizza Hải Sản SUGAR TOWN (Bánh Cấp Đông) – Sugar Town; reasons=+token:pizza;+token:hai;+brand:pizza;+brand:hai;+trusted:product.hstatic.net;+mid_token_ratio"
CAT007,Gà viên chiên CP 400g,products/ga_vien_chien_cp_400g.png,EXISTING,,"Ảnh đã có, bỏ qua, không ghi đè."
CAT007,Bò viên Vissan gói 500g,products/bo_vien_vissan_goi_500g.png,DOWNLOADED,https://www.bachhoaxanh.com/gio-cha/gio-bo-vissan-cay-500g,"score=91; query=""Bò viên Vissan gói 500g"" bách hóa xanh; title=Giò bò Vissan cây 500g tại Bách hóa XANH; reasons=+token:vissan;+token:500g;+brand:vissan;+brand:500g;+trusted:bachhoaxanh.com;+mid_token_ratio"
CAT007,Há cảo tôm đông lạnh 300g,products/ha_cao_tom_dong_lanh_300g.png,EXISTING,,"Ảnh đã có, bỏ qua, không ghi đè."
CAT008,Khăn giấy Pulppy 2 lớp 10 cuộn,products/khan_giay_pulppy_2_lop_10_cuon.png,DOWNLOADED,https://shopee.vn/Lốc-giấy-vệ-sinh-Pulppy-chính-hãng-(2-lớp-10-cuộn-2-cuộn)-khăn-giấy-đa-năng-cao-cấp-i.459907019.25953793821,"score=146; query=""Khăn giấy Pulppy 2 lớp 10 cuộn"" chính hãng; title=Lốc giấy vệ sinh Pulppy chính hãng (2 lớp 10 cuộn, 2 cuộn) - khăn giấy ...; reasons=+token:khan;+token:giay;+token:pulppy;+token:lop;+token:cuon;+brand:khan;+brand:giay;+brand:pulppy;+trusted:shopee.vn;+high_token_ratio"
CAT008,Túi rác tự hủy 3 cuộn,products/tui_rac_tu_huy_3_cuon.png,EXISTING,,"Ảnh đã có, bỏ qua, không ghi đè."
CAT008,Màng bọc thực phẩm Ringo 30cm x 30m,products/mang_boc_thuc_pham_ringo_30cm_x_30m.png,DOWNLOADED,https://www.bachhoaxanh.com/mang-boc-thuc-pham-tui-zipper/mang-boc-thuc-pham-pe-ringo-30cm-x-30m,"score=146; query=""Màng bọc thực phẩm Ringo 30cm x 30m"" ảnh sản phẩm; title=Màng bọc thực phẩm Ringo 30cmx30m giá tốt tại Bách hoá XANH; reasons=+token:mang;+token:boc;+token:ringo;+token:30cm;+token:30m;+brand:mang;+brand:boc;+brand:ringo;+trusted:bachhoaxanh.com;+high_token_ratio"
CAT008,Hộp nhựa Lock Lock 1L,products/hop_nhua_lock_lock_1l.png,DOWNLOADED,https://thuongxabep.com/products/bo-3-hop-lock-lock-1-hop-1l-2-hop-350ml,"score=91; query=""Hộp nhựa Lock Lock 1L"" ảnh sản phẩm; title=Hộp nhựa 1000ml Lock&LockBộ 3 Hộp Lock&Lock (1 Hộp 1L, 2 Hộp 350ml ...; reasons=+token:nhua;+token:lock;+brand:nhua;+brand:lock;+trusted:product.hstatic.net;+mid_token_ratio"
CAT008,Giấy bạc nướng thực phẩm 30cm x 5m,products/giay_bac_nuong_thuc_pham_30cm_x_5m.png,EXISTING,,"Ảnh đã có, bỏ qua, không ghi đè."
CAT008,Ly giấy dùng một lần 50 cái,products/ly_giay_dung_mot_lan_50_cai.png,REJECT,https://tecki.vn/p1.177926321.21069746282-set-50-coc-giay-ly-giay-250ml-chiu-nhiet-dung-mot-lan-tien-loi-than-thien-moi-truong,"Điểm thấp, không lưu để tránh sai ảnh. score=69; query=""Ly giấy dùng một lần 50 cái"" ảnh sản phẩm; title=Mua Set 50 Cốc giấy, ly giấy (250ml) chịu nhiệt dùng một lần tiện lợi ...; reasons=+token:giay;+brand:giay;+trusted:shopee.vn;+mid_token_ratio"
CAT008,Ống hút giấy pack 100 cái,products/ong_hut_giay_pack_100_cai.png,EXISTING,,"Ảnh đã có, bỏ qua, không ghi đè."
CAT008,Túi zipper đựng thực phẩm 20 túi,products/tui_zipper_dung_thuc_pham_20_tui.png,DOWNLOADED,https://www.bachhoaxanh.com/mang-boc-thuc-pham-tui-zipper/tui-zipper-pe-bach-hoa-xanh-18x225cm-20-tui,"score=104; query=""Túi zipper đựng thực phẩm 20 túi"" bách hóa xanh; title=20 túi zip Bách hoá XANH 18x22.5cm giá tốt tại Bách hoá XANH; reasons=+token:tui;+token:zipper;+brand:tui;+brand:zipper;+trusted:bachhoaxanh.com;+high_token_ratio"
CAT009,Kem đánh răng P/S trà xanh 180g,products/kem_danh_rang_p_s_tra_xanh_180g.png,EXISTING,,"Ảnh đã có, bỏ qua, không ghi đè."
CAT009,Bàn chải Oral-B mềm,products/ban_chai_oral_b_mem.png,EXISTING,,"Ảnh đã có, bỏ qua, không ghi đè."
CAT009,Nước súc miệng Listerine 500ml,products/nuoc_suc_mieng_listerine_500ml.png,EXISTING,,"Ảnh đã có, bỏ qua, không ghi đè."
CAT009,Dao cạo râu Gillette Blue 3,products/dao_cao_rau_gillette_blue_3.png,DOWNLOADED,https://shopee.vn/Dao-Cạo-Râu-GILLETTE-Blue-3-Comfort-(4-Cây)-i.419294093.8967139858,"score=136; query=""Dao cạo râu Gillette Blue 3"" ảnh sản phẩm; title=Dao Cạo Râu GILLETTE Blue 3 Comfort (4 Cây) | Shopee Việt Nam; reasons=+token:dao;+token:cao;+token:gillette;+token:blue;+brand:dao;+brand:cao;+brand:gillette;+trusted:shopee.vn;+high_token_ratio"
CAT009,Lăn khử mùi Nivea Men 50ml,products/lan_khu_mui_nivea_men_50ml.png,DOWNLOADED,https://www.nhathuocankhang.com/lan-xit-khu-mui/lnm-nivea-nam-kho-thoang-50ml,"score=146; query=""Lăn khử mùi Nivea Men 50ml"" ảnh sản phẩm; title=Lăn khử mùi Nivea Men Dry Impact cho nam chai 50ml - 09/2025 ...; reasons=+token:khu;+token:mui;+token:nivea;+token:men;+token:50ml;+brand:khu;+brand:mui;+brand:nivea;+trusted:cdn.tgdd.vn;+high_token_ratio"
CAT009,Dầu gội Dove phục hồi hư tổn 640g,products/dau_goi_dove_phuc_hoi_hu_ton_640g.png,DOWNLOADED,https://shopee.vn/Dầu-gội-Dove-phục-hồi-hư-tổn-640g-i.52209374.25278592996,"score=156; query=""Dầu gội Dove phục hồi hư tổn 640g"" bách hóa xanh; title=Dầu gội Dove phục hồi hư tổn 640g | Shopee Việt Nam; reasons=+token:dau;+token:dove;+token:phuc;+token:hoi;+token:ton;+token:640g;+brand:dau;+brand:dove;+brand:phuc;+trusted:shopee.vn;+high_token_ratio"
CAT009,Sữa rửa mặt Simple 150ml,products/sua_rua_mat_simple_150ml.png,EXISTING,,"Ảnh đã có, bỏ qua, không ghi đè."
CAT009,Bông tẩy trang Jomi 120 miếng,products/bong_tay_trang_jomi_120_mieng.png,EXISTING,,"Ảnh đã có, bỏ qua, không ghi đè."
CAT010,Tã Bobby quần size M 68 miếng,products/ta_bobby_quan_size_m_68_mieng.png,DOWNLOADED,https://shopee.vn/Tã-Quần-Dán-Bobby-Đủ-size-(NB108-NB70-S80-M76-L68-XL62-XXL56)-Cộng-miếng-Mẫu-mới-ngừa-hâm-chống-tràn-tốt-i.7394079.177283663,"score=91; query=""Tã Bobby quần size M 68 miếng"" ảnh sản phẩm; title=Tã Quần/ Dán Bobby Đủ size (NB108, NB70, S80, M76,L68,XL62,XXL56)- Cộng ...; reasons=+token:bobby;+token:quan;+brand:bobby;+brand:quan;+trusted:shopee.vn;+mid_token_ratio"
CAT010,Khăn ướt Mamamy 100 tờ,products/khan_uot_mamamy_100_to.png,EXISTING,,"Ảnh đã có, bỏ qua, không ghi đè."
CAT010,Sữa tắm gội Johnson Baby 500ml,products/sua_tam_goi_johnson_baby_500ml.png,DOWNLOADED,https://shopee.vn/Sữa-Tắm-Gội-Toàn-Thân-Johnson's-TOP-TO-TOE-Baby-Bath-For-Hair-And-Body-500ML-(Vàng)-i.258099521.26967569685,"score=146; query=""Sữa tắm gội Johnson Baby 500ml"" chính hãng; title=Sữa Tắm Gội Toàn Thân Johnson's TOP TO TOE Baby Bath For Hair And Body ...; reasons=+token:sua;+token:tam;+token:johnson;+token:baby;+token:500ml;+brand:sua;+brand:tam;+brand:johnson;+trusted:shopee.vn;+high_token_ratio"
CAT010,Phấn rôm Johnson Baby 200g,products/phan_rom_johnson_baby_200g.png,DOWNLOADED,https://mariejapan.vn/phan-rom-johnson-s-baby-poder-xanh-original-100g,"score=146; query=""Phấn rôm Johnson Baby 200g"" ảnh sản phẩm; title=Phấn Rôm Johnsons Baby Powder - XANH ORIGINAL Chai 200g; reasons=+token:phan;+token:rom;+token:johnson;+token:baby;+token:200g;+brand:phan;+brand:rom;+brand:johnson;+trusted:bizweb.dktcdn.net;+high_token_ratio"
CAT010,Bình sữa Pigeon 240ml,products/binh_sua_pigeon_240ml.png,EXISTING,,"Ảnh đã có, bỏ qua, không ghi đè."
CAT010,Nước giặt Dnee hồng 3L,products/nuoc_giat_dnee_hong_3l.png,EXISTING,,"Ảnh đã có, bỏ qua, không ghi đè."
CAT010,Kem chống hăm Bepanthen 30g,products/kem_chong_ham_bepanthen_30g.png,EXISTING,,"Ảnh đã có, bỏ qua, không ghi đè."
CAT010,Bột ăn dặm Heinz rau củ 200g,products/bot_an_dam_heinz_rau_cu_200g.png,EXISTING,,"Ảnh đã có, bỏ qua, không ghi đè."
CAT011,Tập Campus 200 trang,products/tap_campus_200_trang.png,EXISTING,,"Ảnh đã có, bỏ qua, không ghi đè."
CAT011,Bút bi Thiên Long TL-027,products/but_bi_thien_long_tl_027.png,DOWNLOADED,https://trungtamsach.vn/retails/sach/132866,"score=113; query=""Bút bi Thiên Long TL-027"" bách hóa xanh; title=Bút Bi Thiên Long TL-027 (xanh); reasons=+token:but;+token:thien;+token:long;+brand:but;+brand:thien;+brand:long;+trusted:product.hstatic.net;+mid_token_ratio"
CAT011,Giấy note Pronoti 3x3,products/giay_note_pronoti_3x3.png,DOWNLOADED,https://shopee.vn/Giấy-Note-3x3-Pronoti-i.532118794.10150188099,"score=136; query=""Giấy note Pronoti 3x3"" bách hóa xanh; title=Giấy Note 3x3 Pronoti | Shopee Việt Nam; reasons=+token:giay;+token:note;+token:pronoti;+token:3x3;+brand:giay;+brand:note;+brand:pronoti;+trusted:shopee.vn;+high_token_ratio"
CAT011,Bìa hồ sơ A4 Plus,products/bia_ho_so_a4_plus.png,REJECT,https://shopee.vn/Bìa-lá-A4-Plus-file-lá-đựng-hồ-sơ-văn-phòng-phẩm-i.949034448.23822177473,"Điểm thấp, không lưu để tránh sai ảnh. score=44; query=""Bìa hồ sơ A4 Plus"" ảnh sản phẩm; title=Bìa lá A4 Plus file lá đựng hồ sơ văn phòng phẩm | Shopee Việt Nam; reasons=+token:bia;+token:plus;+brand:bia;+brand:plus;+trusted:shopee.vn;-low_token_ratio"
CAT011,Băng keo trong 5cm,products/bang_keo_trong_5cm.png,EXISTING,,"Ảnh đã có, bỏ qua, không ghi đè."
CAT011,Kéo học sinh Deli 17cm,products/keo_hoc_sinh_deli_17cm.png,EXISTING,,"Ảnh đã có, bỏ qua, không ghi đè."
CAT011,Bút highlight Stabilo vàng,products/but_highlight_stabilo_vang.png,EXISTING,,"Ảnh đã có, bỏ qua, không ghi đè."
CAT011,File lá A4 20 túi,products/file_la_a4_20_tui.png,DOWNLOADED,https://shopee.vn/File-Lá-Túi-Đựng-Tài-Liệu-A4-20-30-40-Lá-Màu-Pastel-In-Hình-Cute-Deli-Lưu-Tài-Liệu-Chứng-Từ-Hồ-Sơ-Đề-Thi-Học-Sinh-i.348955539.8602068755,"score=91; query=""File lá A4 20 túi"" chính hãng; title=File Lá Túi Đựng Tài Liệu A4 20 30 40 Lá Màu Pastel In Hình Cute Deli ...; reasons=+token:file;+token:tui;+brand:file;+brand:tui;+trusted:shopee.vn;+mid_token_ratio"
CAT012,Hạt mèo Whiskas cá ngừ 1.2kg,products/hat_meo_whiskas_ca_ngu_1_2kg.png,DOWNLOADED,https://www.bachhoaxanh.com/thuc-an-meo-whiskas-thuc-an-hat,"score=136; query=""Hạt mèo Whiskas cá ngừ 1.2kg"" bách hóa xanh; title=Thức ăn cho mèo Whiskas giá tốt tại Bách hóa XANH chính hãng giá tốt ...; reasons=+token:hat;+token:whiskas;+token:ngu;+token:2kg;+brand:hat;+brand:whiskas;+brand:ngu;+trusted:bachhoaxanh.com;+high_token_ratio"
CAT012,Hạt chó Pedigree vị bò 1.5kg,products/hat_cho_pedigree_vi_bo_1_5kg.png,EXISTING,,"Ảnh đã có, bỏ qua, không ghi đè."
CAT012,Pate mèo Me-O cá ngừ 80g,products/pate_meo_me_o_ca_ngu_80g.png,DOWNLOADED,https://aeoneshop.com/product/3412/pate-cho-meo-ca-ngu-trang-&-tom,"score=113; query=""Pate mèo Me-O cá ngừ 80g"" ảnh sản phẩm; title=Pate Cho Mèo Meowow Cá Ngừ Trắng & Tôm 80g; reasons=+token:pate;+token:ngu;+token:80g;+brand:pate;+brand:ngu;+brand:80g;+trusted:aeoneshop.com;+mid_token_ratio"
CAT012,Cát vệ sinh mèo Min 5L,products/cat_ve_sinh_meo_min_5l.png,DOWNLOADED,https://mixasale.com/product/shopeevn/14598,"score=113; query=""Cát vệ sinh mèo Min 5L"" ảnh sản phẩm; title=CÁT MIN Cát vệ sinh cho mèo cát min 8L - MixASale; reasons=+token:cat;+token:sinh;+token:min;+brand:cat;+brand:sinh;+brand:min;+trusted:shopee.vn;+mid_token_ratio"
CAT012,Sữa tắm chó mèo Joyce Dolls 400ml,products/sua_tam_cho_meo_joyce_dolls_400ml.png,EXISTING,,"Ảnh đã có, bỏ qua, không ghi đè."
CAT012,Snack thưởng mèo Ciao Churu 4 thanh,products/snack_thuong_meo_ciao_churu_4_thanh.png,EXISTING,,"Ảnh đã có, bỏ qua, không ghi đè."
CAT012,Pate chó SmartHeart bò 130g,products/pate_cho_smartheart_bo_130g.png,EXISTING,,"Ảnh đã có, bỏ qua, không ghi đè."
CAT012,Vòng cổ chó mèo size M,products/vong_co_cho_meo_size_m.png,REJECT,https://shopee.vn/Vòng-Cổ-Cho-Chó-Mèo-Vòng-Cổ-Xịn-Có-Size-Cho-Chó-Lớn-giá-rẻ-LUPETVN-i.260323974.5746668987,"Điểm thấp, không lưu để tránh sai ảnh. score=69; query=""Vòng cổ chó mèo size M"" chính hãng; title=Vòng Cổ Cho Chó Mèo - Vòng Cổ Xịn Có Size Cho Chó Lớn giá rẻ LUPETVN ...; reasons=+token:vong;+brand:vong;+trusted:shopee.vn;+mid_token_ratio"
CAT013,Rau cải hữu cơ Vinamit 300g,products/rau_cai_huu_co_vinamit_300g.png,DOWNLOADED,https://aeoneshop.com/product/11606/rau-muong-huu-co,"score=126; query=""Rau cải hữu cơ Vinamit 300g"" ảnh sản phẩm; title=Rau Muống Hữu Cơ Vinamit 300g; reasons=+token:huu;+token:vinamit;+token:300g;+brand:huu;+brand:vinamit;+brand:300g;+trusted:aeoneshop.com;+high_token_ratio"
CAT013,Cà rốt hữu cơ Đà Lạt 500g,products/ca_rot_huu_co_da_lat_500g.png,EXISTING,,"Ảnh đã có, bỏ qua, không ghi đè."
CAT013,Yến mạch Quaker nguyên chất 400g,products/yen_mach_quaker_nguyen_chat_400g.png,EXISTING,,"Ảnh đã có, bỏ qua, không ghi đè."
CAT013,Hạt chia Úc Organic 250g,products/hat_chia_uc_organic_250g.png,DOWNLOADED,https://organicfoods.com.vn/products/hat-chia-organic-250g-uc,"score=136; query=""Hạt chia Úc Organic 250g"" ảnh sản phẩm; title=Hạt Chia Organic 250g (Úc); reasons=+token:hat;+token:chia;+token:organic;+token:250g;+brand:hat;+brand:chia;+brand:organic;+trusted:product.hstatic.net;+high_token_ratio"
CAT013,Gạo lứt hữu cơ Hoa Sữa 1kg,products/gao_lut_huu_co_hoa_sua_1kg.png,EXISTING,,"Ảnh đã có, bỏ qua, không ghi đè."
CAT013,Mật ong hoa nhãn nguyên chất 500ml,products/mat_ong_hoa_nhan_nguyen_chat_500ml.png,EXISTING,,"Ảnh đã có, bỏ qua, không ghi đè."
CAT013,Bột cacao nguyên chất 200g,products/bot_cacao_nguyen_chat_200g.png,EXISTING,,"Ảnh đã có, bỏ qua, không ghi đè."
CAT013,Hạnh nhân rang bơ 250g,products/hanh_nhan_rang_bo_250g.png,DOWNLOADED,https://tecki.vn/p1.296778982.10677822146-hanh-nhan-rang-bo-vo-mong-hang-moi-thom-ngon-nhap-khau-my-by-queen-nuts,"score=126; query=""Hạnh nhân rang bơ 250g"" ảnh sản phẩm; title=Mua Hạnh nhân rang bơ vỏ mỏng Hàng mới thơm ngon Nhập khẩu Mỹ by Queen ...; reasons=+token:hanh;+token:nhan;+token:rang;+brand:hanh;+brand:nhan;+brand:rang;+trusted:shopee.vn;+high_token_ratio"
CAT014,Cá hộp Ba Cô Gái sốt cà 155g,products/ca_hop_ba_co_gai_sot_ca_155g.png,EXISTING,,"Ảnh đã có, bỏ qua, không ghi đè."
CAT014,Thịt hộp Spam Classic 340g,products/thit_hop_spam_classic_340g.png,EXISTING,,"Ảnh đã có, bỏ qua, không ghi đè."
CAT014,Pate gan Vissan hộp 170g,products/pate_gan_vissan_hop_170g.png,EXISTING,,"Ảnh đã có, bỏ qua, không ghi đè."
CAT014,Cháo ăn liền Gấu Đỏ thịt bằm 50g,products/chao_an_lien_gau_do_thit_bam_50g.png,EXISTING,,"Ảnh đã có, bỏ qua, không ghi đè."
CAT014,Mì ly Modern lẩu Thái 65g,products/mi_ly_modern_lau_thai_65g.png,EXISTING,,"Ảnh đã có, bỏ qua, không ghi đè."
CAT014,Bún bò Huế Vifon tô 120g,products/bun_bo_hue_vifon_to_120g.png,EXISTING,,"Ảnh đã có, bỏ qua, không ghi đè."
CAT014,Cơm cháy chà bông hộp 200g,products/com_chay_cha_bong_hop_200g.png,DOWNLOADED,https://shopee.vn/(200g)-Cơm-cháy-nếp-chà-bông-cơm-cháy-Việt-Hưng-Đặc-sản-Ninh-Bình-i.8702740.14996327013,"score=146; query=""Cơm cháy chà bông hộp 200g"" ảnh sản phẩm; title=(200g) Cơm cháy nếp chà bông cơm cháy Việt Hưng - Đặc sản Ninh Bình ...; reasons=+token:com;+token:chay;+token:cha;+token:bong;+token:200g;+brand:com;+brand:chay;+brand:cha;+trusted:shopee.vn;+high_token_ratio"
CAT014,Súp nui ăn liền Knorr 60g,products/sup_nui_an_lien_knorr_60g.png,EXISTING,,"Ảnh đã có, bỏ qua, không ghi đè."
CAT015,Nước lau sàn Sunlight hương hoa 1kg,products/nuoc_lau_san_sunlight_huong_hoa_1kg.png,DOWNLOADED,https://www.bachhoaxanh.com/nuoc-lau-nha/nuoc-lau-san-sunlight-huong-hoa-lily-chai-1kg,"score=156; query=""Nước lau sàn Sunlight hương hoa 1kg"" bách hóa xanh; title=Nước lau sàn Sunlight hoa lily & bạch trà 1kg Bách hoá XANH; reasons=+token:nuoc;+token:lau;+token:sunlight;+token:huong;+token:hoa;+token:1kg;+brand:nuoc;+brand:lau;+brand:sunlight;+trusted:bachhoaxanh.com;+high_token_ratio"
CAT015,Nước tẩy Javel Gift 1L,products/nuoc_tay_javel_gift_1l.png,EXISTING,,"Ảnh đã có, bỏ qua, không ghi đè."
CAT015,Xịt phòng Glade hương hoa 280ml,products/xit_phong_glade_huong_hoa_280ml.png,EXISTING,,"Ảnh đã có, bỏ qua, không ghi đè."
CAT015,Nước lau kính Gift 580ml,products/nuoc_lau_kinh_gift_580ml.png,EXISTING,,"Ảnh đã có, bỏ qua, không ghi đè."
CAT015,Bình xịt côn trùng Raid 600ml,products/binh_xit_con_trung_raid_600ml.png,EXISTING,,"Ảnh đã có, bỏ qua, không ghi đè."
CAT015,Miếng rửa chén Scotch Brite 3 miếng,products/mieng_rua_chen_scotch_brite_3_mieng.png,DOWNLOADED,https://shopee.vn/Miếng-Rửa-Chén-Hạt-Nổi-3M-Scotch-Brite-Không-Trầy-Xước-Mút-Kháng-Khuẩn-Không-Bám-Cặn-Gây-Mùi-i.39810901.12113464314,"score=136; query=""Miếng rửa chén Scotch Brite 3 miếng"" sản phẩm chính hãng; title=Miếng Rửa Chén Hạt Nổi 3M Scotch Brite Không Trầy Xước-Mút Kháng Khuẩn ...; reasons=+token:rua;+token:chen;+token:scotch;+token:brite;+brand:rua;+brand:chen;+brand:scotch;+trusted:shopee.vn;+high_token_ratio"
CAT015,Cây lau nhà 360 độ bộ,products/cay_lau_nha_360_do_bo.png,DOWNLOADED,https://tecki.vn/p1.155662558.19988181165-cay-lau-nha-360-do-thong-minh-kem-long-vat-inox-tu-dong-bo-choi-lau-nha-tu-dong-vat-tro-luc-360-do,"score=126; query=""Cây lau nhà 360 độ bộ"" ảnh sản phẩm; title=Mua Cây lau nhà 360 độ thông minh kèm lồng vắt inox tự động, bộ chổi ...; reasons=+token:cay;+token:lau;+token:nha;+brand:cay;+brand:lau;+brand:nha;+trusted:shopee.vn;+high_token_ratio"
CAT015,Nước thông cống Hando 1L,products/nuoc_thong_cong_hando_1l.png,DOWNLOADED,https://shopee.vn/Nước-Thông-Cống-Hando-1L-(Vệ-Sinh-Đường-Ống-Cống-Lavabor..)-i.65533588.25645199714,"score=136; query=""Nước thông cống Hando 1L"" ảnh sản phẩm; title=Nước Thông Cống Hando 1L (Vệ Sinh Đường Ống, Cống, Lavabor..) | Shopee ...; reasons=+token:nuoc;+token:thong;+token:cong;+token:hando;+brand:nuoc;+brand:thong;+brand:cong;+trusted:shopee.vn;+high_token_ratio"
